<?xml version="1.0" encoding="utf-8"?>
<extension type="module" version="3.1" client="site" method="upgrade">
	<name>Droide Forms</name>
	<author>André Luiz Pereira</author>
	<creationDate>Fevereiro 2016</creationDate>
	<copyright>Copyright (C) 2005 - 2015 Open Source Matters. All rights reserved.</copyright>
	<license>GNU General Public License version 2 or later; see LICENSE.txt</license>
	<authorEmail>and4563@gmail.com</authorEmail>
	<authorUrl>https://github.com/androidealp</authorUrl>
	<version>1.0</version>
	<description>MOD_DROIDEFORMS_DESC</description>
	<customContent />
	<files>
		<filename module="mod_droideforms">mod_droideforms.php</filename>
		<filename>helper.php</filename>
		<filename>index.html</filename>
		<folder>assets</folder>
		<folder>language</folder>
		<folder>tmpl</folder>
	</files>
	<languages folder="language">
		<language tag="pt-BR">pt-BR/pt-BR.mod_droideforms.sys.ini</language>
		<language tag="pt-BR">pt-BR/pt-BR.mod_droideforms.ini</language>
	</languages>
	<media folder="media" destination="mod_droideforms">
		<folder>assets</folder>
	</media>

	<config>
		<fields name="params">
			<fieldset name="options" label="COM_MODULES_BASIC_FIELDSET_LABEL">
				<field
					name="prepare_content"
					type="radio"
					class="btn-group btn-group-yesno"
					label="MOD_CUSTOM_FIELD_PREPARE_CONTENT_LABEL"
					description="MOD_CUSTOM_FIELD_PREPARE_CONTENT_DESC"
					default="0">
					<option value="1">JYES</option>
					<option value="0">JNO</option>
				</field>
			</fieldset>
			<fieldset name="conf_mail" label="MOD_DROIDEFORMS_CONFSEND">
				<field
					name="loadJquery"
					type="radio"
					class="btn-group btn-group-yesno"
					label="MOD_DROIDEFORMS_CONFSEND_LABEL"
					description="MOD_DROIDEFORMS_CONFSEND_DESC"
					default="0">
					<option value="1">JYES</option>
					<option value="0">JNO</option>
				</field>
				<field
					name="libajax"
					type="radio"
					class="btn-group btn-group-yesno"
					label="MOD_DROIDEFORMS_LIBAJAX_LABEL"
					description="MOD_DROIDEFORMS_LIBAJAX_DESC"
					default="1">
					<option value="1">JYES</option>
					<option value="0">JNO</option>
				</field>
				<field
					name="loadCss"
					type="radio"
					class="btn-group btn-group-yesno"
					label="MOD_DROIDEFORMS_LOADCSS_LABEL"
					description="MOD_DROIDEFORMS_LOADCSS_DESC"
					default="1">
					<option value="1">JYES</option>
					<option value="0">JNO</option>
				</field>
				<field
						name = "id_form"
					    type = "text"
					    default = "droide_formsid"
					    label ="MOD_DROIDEFORMS_IDFORM"
					    description ="MOD_DROIDEFORMS_IDFORM_DESC"
					     />
					     <field name="filtros"
			                  type="Repeatable"
			                  icon="list"
			                  description="MOD_DROIDEFORMS_FILTRO_DESC"
			                  label="MOD_DROIDEFORMS_FILTRO_LABEL"
			                  default="">
			                  <fields name="params">
			                  <fieldset hidden="true" name="filtros_modal" repeat="true">
			                    <field name="tipo" type="list" default="" label="MOD_DROIDEFORMS_FILTRO_FIELD_LABEL" description="">
								  <option value="f_required">MOD_DROIDEFORMS_FILTRO_OBT_REC</option>
								  <option value="f_email">MOD_DROIDEFORMS_FILTRO_OBT_EMAIL</option>
								  <option value="f_integer">MOD_DROIDEFORMS_FILTRO_OBT_INTEGER</option>
								  <option value="f_file">MOD_DROIDEFORMS_FILTRO_OBT_FILE</option>
								  <option value="f_size">MOD_DROIDEFORMS_FILTRO_OBT_FILE_SIZE</option>
									<option value="f_custom">MOD_DROIDEFORMS_FILTRO_OBT_CUSTOM</option>
								</field>
								<field
									name = "field_condition"
								    type = "text"
								    default = ""
								    label ="MOD_DROIDEFORMS_FIELD_CONDITION_LABEL"
								    description ="MOD_DROIDEFORMS_FIELD_CONDITION_DESC"
								/>
								<field
									name = "field_name"
								    type = "text"
								    default = ""
								    label ="MOD_DROIDEFORMS_FIELD_NAME_LABEL"
								    description ="MOD_DROIDEFORMS_FIELD_NAME_DESC"
								/>
								<field
									name = "text_validador"
								    type = "text"
								    default = ""
								    label ="MOD_DROIDEFORMS_TEXT_VALIDADOR"
								    description ="MOD_DROIDEFORMS_TEXT_VALIDADOR_DESC"
								/>
			                  </fieldset>
			                  </fields>
			                </field>


					<field
						name = "email_de_cliente"
					    type = "text"
					    default = "email"
					    label ="MOD_DROIDEFORMS_EMAIL_CLIENTE_LABEL"
					    description ="MOD_DROIDEFORMS_EMAIL_CLIENTE_DESC"
					     />

					<field
						name = "nome_de_cliente"
					    type = "text"
					    default = "nome"
					    label ="MOD_DROIDEFORMS_NOME_CLIENTE_LABEL"
					    description ="MOD_DROIDEFORMS_NOME_CLIENTE_DESC"
					     />

					     <field
						name = "assunto"
					    type = "text"
					    default = ""
					    label ="MOD_DROIDEFORMS_ASSUNTO_LABEL"
					    description ="MOD_DROIDEFORMS_ASSUNTO_DESC"
					     />

					<field
						name = "para"
					    type = "text"
					    default = ""
					    label ="MOD_DROIDEFORMS_PARA_LABEL"
					    description ="MOD_DROIDEFORMS_PARA_DESC"
					     />
				<field
					name="layout_envio"
					type="editor"
					label="MOD_DROIDEFORMS_LAYOUT_ENVIO_LABEL"
					description="MOD_DROIDEFORMS_LAYOUT_ENVIO_DESC"
					width="900"
					filter="safehtml" />

					<field
					name="resp_sucesso"
					type="editor"
					label="MOD_DROIDEFORMS_RESP_SUCESSO"
					description="MOD_DROIDEFORMS_RESP_SUCESSO_DESC"
					width="900"
					filter="safehtml" />

			</fieldset>
			<fieldset
				name="advanced">
				<field
					name="layout"
					type="modulelayout"
					label="JFIELD_ALT_LAYOUT_LABEL"
					description="JFIELD_ALT_MODULE_LAYOUT_DESC" />

				<field
					name="moduleclass_sfx"
					type="textarea" rows="3"
					label="COM_MODULES_FIELD_MODULECLASS_SFX_LABEL"
					description="COM_MODULES_FIELD_MODULECLASS_SFX_DESC" />

				<field
					name="cache"
					type="list"
					default="1"
					label="COM_MODULES_FIELD_CACHING_LABEL"
					description="COM_MODULES_FIELD_CACHING_DESC">
					<option
						value="1">JGLOBAL_USE_GLOBAL</option>
					<option
						value="0">COM_MODULES_FIELD_VALUE_NOCACHING</option>
				</field>

				<field
					name="cache_time"
					type="text"
					default="900"
					label="COM_MODULES_FIELD_CACHE_TIME_LABEL"
					description="COM_MODULES_FIELD_CACHE_TIME_DESC" />
				<field
					name="cachemode"
					type="hidden"
					default="static">
					<option
						value="static"></option>
				</field>
			</fieldset>
		</fields>
	</config>
</extension>
